condition,regime,eval_policy,n_rounds,coop_rate,avg_reward
cond1,competitive,sample,5668,0.05142907551164432,3.8971418489767116
cond1,cooperative,sample,6512,0.5609643734643734,12.975429975429975
cond1,mixed,sample,17820,0.26050785634118967,6.172306397306397
