condition,regime,eval_policy,n_rounds,coop_rate,avg_reward
cond1,competitive,sample,5668,0.05434015525758645,3.891319689484827
cond1,cooperative,sample,6512,0.6246160933660934,13.993857493857494
cond1,mixed,sample,17820,0.31024130190796856,6.485634118967452
