condition,regime,eval_policy,n_rounds,coop_rate,avg_reward
unknown,competitive,greedy,5288,4.7276853252647505e-05,3.9999054462934946
unknown,cooperative,greedy,5917,0.07182693932736184,5.149231029237789
unknown,mixed,greedy,18795,0.11288906624102155,4.940649108805533
