condition,regime,eval_policy,n_rounds,coop_rate,avg_reward
cond2,competitive,sample,5309,0.06107553211527594,3.877848935769448
cond2,cooperative,sample,6363,0.5147336162187648,12.235737859500237
cond2,mixed,sample,18328,0.29353993889131386,6.333260584897425
