condition,regime,eval_policy,n_rounds,coop_rate,avg_reward
unknown,competitive,greedy,5288,0.016215960665658093,3.967568078668684
unknown,cooperative,greedy,5917,0.7047912793645429,15.276660469832686
unknown,mixed,greedy,18795,0.3770949720670391,7.124128757648311
